Deepak,Hunington Avenue,abc@gmail.com,999999999
Ratnakar,Hunington Avenue,abc@gmail.com,999999999
Sathwik,Hunington Avenue,abc@gmail.com,999999999
Person1,Hunington Avenue,abc@gmail.com,999999999
Person2,Hunington Avenue,abc@gmail.com,999999999
Person3,Hunington Avenue,abc@gmail.com,999999999
Person4,Hunington Avenue,abc@gmail.com,999999999
Person5,Hunington Avenue,abc@gmail.com,999999999
Person6,Hunington Avenue,abc@gmail.com,999999999
Person7,Hunington Avenue,abc@gmail.com,999999999
Person8,Hunington Avenue,abc@gmail.com,999999999
Person9,Hunington Avenue,abc@gmail.com,999999999
Person10,Hunington Avenue,abc@gmail.com,999999999
Person11,Hunington Avenue,abc@gmail.com,999999999
Person12,Hunington Avenue,abc@gmail.com,999999999
Person13,Hunington Avenue,abc@gmail.com,999999999
Person14,Hunington Avenue,abc@gmail.com,999999999
Person15,Hunington Avenue,abc@gmail.com,999999999
Person16,Hunington Avenue,abc@gmail.com,999999999
Person17,Hunington Avenue,abc@gmail.com,999999999
Person18,Hunington Avenue,abc@gmail.com,999999999